Workbook

Sheet 回帰分析
A1: 概要
A3: 回帰統計
A4: 重相関 R | B4: 0.27486368
A5: 重決定 R2 | B5: 0.075550045
A6: 補正 R2 | B6: 0.075391531
A7: 標準誤差 | B7: 0.39491045
A8: 観測数 | B8: 17500
A10: 分散分析表
B11: 自由度 | C11: 変動 | D11: 分散 | E11: 観測された分散比 | F11: 有意 F
A12: 回帰 | B12: 3 | C12: 222.991 | D12: 74.330335 | E12: 476.61624 | F12: 1.0253735e-297
A13: 残差 | B13: 17496 | C13: 2728.5758 | D13: 0.15595426
A14: 合計 | B14: 17499 | C14: 2951.5668
B16: 係数 | C16: 標準誤差 | D16: t | E16: P-値 | F16: 下限 95% | G16: 上限 95% | H16: 下限 95.0% | I16: 上限 95.0%
A17: 切片 | B17: 0.2148 | C17: 0.0029852424 | D17: 71.953956 | E17: 0 | F17: 0.20894863 | G17: 0.22065137 | H17: 0.20894863 | I17: 0.22065137
A18: loan_amnt | B18: -0.0029363774 | C18: 0.0031222878 | D18: -0.94045697 | E18: 0.3469962 | F18: -0.0090563725 | G18: 0.0031836177 | H18: -0.0090563725 | I18: 0.0031836177
A19: interest_rate | B19: 0.091849982 | C19: 0.0032822644 | D19: 27.983724 | E19: 1.3001666e-168 | F19: 0.085416417 | G19: 0.098283547 | H19: 0.085416417 | I19: 0.098283547
A20: credit_score | B20: -0.04156587 | C20: 0.0032732915 | D20: -12.698493 | E20: 8.7604914e-37 | F20: -0.047981848 | G20: -0.035149893 | H20: -0.047981848 | I20: -0.035149893

Sheet 標準化
A1: loan_amnt | B1: interest_rate | C1: credit_score | D1: loan_status
A2: =STANDARDIZE(抽出!A2, AVERAGE(抽出!A$2:A$17501), _xlfn.STDEV.P(抽出!A$2:A$17501)) -> -0.39303199 | B2: =STANDARDIZE(抽出!B2, AVERAGE(抽出!B$2:B$17501), _xlfn.STDEV.P(抽出!B$2:B$17501)) -> -0.75948594 | C2: =STANDARDIZE(抽出!C2, AVERAGE(抽出!C$2:C$17501), _xlfn.STDEV.P(抽出!C$2:C$17501)) -> -0.091972122 | D2: 0
A3: =STANDARDIZE(抽出!A3, AVERAGE(抽出!A$2:A$17501), _xlfn.STDEV.P(抽出!A$2:A$17501)) -> -1.2207559 | B3: =STANDARDIZE(抽出!B3, AVERAGE(抽出!B$2:B$17501), _xlfn.STDEV.P(抽出!B$2:B$17501)) -> 0.56127051 | C3: =STANDARDIZE(抽出!C3, AVERAGE(抽出!C$2:C$17501), _xlfn.STDEV.P(抽出!C$2:C$17501)) -> 0.98976177 | D3: 0
A4: =STANDARDIZE(抽出!A4, AVERAGE(抽出!A$2:A$17501), _xlfn.STDEV.P(抽出!A$2:A$17501)) -> -0.55910981 | B4: =STANDARDIZE(抽出!B4, AVERAGE(抽出!B$2:B$17501), _xlfn.STDEV.P(抽出!B$2:B$17501)) -> -0.082027301 | C4: =STANDARDIZE(抽出!C4, AVERAGE(抽出!C$2:C$17501), _xlfn.STDEV.P(抽出!C$2:C$17501)) -> 0.42867096 | D4: 1
A5: =STANDARDIZE(抽出!A5, AVERAGE(抽出!A$2:A$17501), _xlfn.STDEV.P(抽出!A$2:A$17501)) -> -1.1711731 | B5: =STANDARDIZE(抽出!B5, AVERAGE(抽出!B$2:B$17501), _xlfn.STDEV.P(抽出!B$2:B$17501)) -> -0.27772177 | C5: =STANDARDIZE(抽出!C5, AVERAGE(抽出!C$2:C$17501), _xlfn.STDEV.P(抽出!C$2:C$17501)) -> -0.88952034 | D5: 0
A6: =STANDARDIZE(抽出!A6, AVERAGE(抽出!A$2:A$17501), _xlfn.STDEV.P(抽出!A$2:A$17501)) -> -0.48540343 | B6: =STANDARDIZE(抽出!B6, AVERAGE(抽出!B$2:B$17501), _xlfn.STDEV.P(抽出!B$2:B$17501)) -> -0.60555364 | C6: =STANDARDIZE(抽出!C6, AVERAGE(抽出!C$2:C$17501), _xlfn.STDEV.P(抽出!C$2:C$17501)) -> -0.8617358 | D6: 0
A7: =STANDARDIZE(抽出!A7, AVERAGE(抽出!A$2:A$17501), _xlfn.STDEV.P(抽出!A$2:A$17501)) -> -0.49480756 | B7: =STANDARDIZE(抽出!B7, AVERAGE(抽出!B$2:B$17501), _xlfn.STDEV.P(抽出!B$2:B$17501)) -> -0.60312556 | C7: =STANDARDIZE(抽出!C7, AVERAGE(抽出!C$2:C$17501), _xlfn.STDEV.P(抽出!C$2:C$17501)) -> 0.95973484 | D7: 0
A8: =STANDARDIZE(抽出!A8, AVERAGE(抽出!A$2:A$17501), _xlfn.STDEV.P(抽出!A$2:A$17501)) -> 1.024673 | B8: =STANDARDIZE(抽出!B8, AVERAGE(抽出!B$2:B$17501), _xlfn.STDEV.P(抽出!B$2:B$17501)) -> -0.85841147 | C8: =STANDARDIZE(抽出!C8, AVERAGE(抽出!C$2:C$17501), _xlfn.STDEV.P(抽出!C$2:C$17501)) -> 0.99436442 | D8: 0
A9: =STANDARDIZE(抽出!A9, AVERAGE(抽出!A$2:A$17501), _xlfn.STDEV.P(抽出!A$2:A$17501)) -> -0.67580615 | B9: =STANDARDIZE(抽出!B9, AVERAGE(抽出!B$2:B$17501), _xlfn.STDEV.P(抽出!B$2:B$17501)) -> 0.71645994 | C9: =STANDARDIZE(抽出!C9, AVERAGE(抽出!C$2:C$17501), _xlfn.STDEV.P(抽出!C$2:C$17501)) -> -0.82566043 | D9: 0
A10: =STANDARDIZE(抽出!A10, AVERAGE(抽出!A$2:A$17501), _xlfn.STDEV.P(抽出!A$2:A$17501)) -> -0.4604512 | B10: =STANDARDIZE(抽出!B10, AVERAGE(抽出!B$2:B$17501), _xlfn.STDEV.P(抽出!B$2:B$17501)) -> -0.66356392 | C10: =STANDARDIZE(抽出!C10, AVERAGE(抽出!C$2:C$17501), _xlfn.STDEV.P(抽出!C$2:C$17501)) -> 2.9423362 | D10: 0
A11: =STANDARDIZE(抽出!A11, AVERAGE(抽出!A$2:A$17501), _xlfn.STDEV.P(抽出!A$2:A$17501)) -> 0.17844417 | B11: =STANDARDIZE(抽出!B11, AVERAGE(抽出!B$2:B$17501), _xlfn.STDEV.P(抽出!B$2:B$17501)) -> 0.64539061 | C11: =STANDARDIZE(抽出!C11, AVERAGE(抽出!C$2:C$17501), _xlfn.STDEV.P(抽出!C$2:C$17501)) -> -0.84444284 | D11: 1
A12: =STANDARDIZE(抽出!A12, AVERAGE(抽出!A$2:A$17501), _xlfn.STDEV.P(抽出!A$2:A$17501)) -> 2.3306329 | B12: =STANDARDIZE(抽出!B12, AVERAGE(抽出!B$2:B$17501), _xlfn.STDEV.P(抽出!B$2:B$17501)) -> 0.63405606 | C12: =STANDARDIZE(抽出!C12, AVERAGE(抽出!C$2:C$17501), _xlfn.STDEV.P(抽出!C$2:C$17501)) -> -0.23902149 | D12: 0
A13: =STANDARDIZE(抽出!A13, AVERAGE(抽出!A$2:A$17501), _xlfn.STDEV.P(抽出!A$2:A$17501)) -> -0.53529018 | B13: =STANDARDIZE(抽出!B13, AVERAGE(抽出!B$2:B$17501), _xlfn.STDEV.P(抽出!B$2:B$17501)) -> -0.12285153 | C13: =STANDARDIZE(抽出!C13, AVERAGE(抽出!C$2:C$17501), _xlfn.STDEV.P(抽出!C$2:C$17501)) -> -0.82759408 | D13: 0
... A17501: =STANDARDIZE(抽出!A17501, AVERAGE(抽出!A$2:A$17501), _xlfn.STDEV.P(抽出!A$2:A$17501)) -> -0.57345227 | B17501: =STANDARDIZE(抽出!B17501, AVERAGE(抽出!B$2:B$17501), _xlfn.STDEV.P(抽出!B$2:B$17501)) -> -1.4504539 | C17501: =STANDARDIZE(抽出!C17501, AVERAGE(抽出!C$2:C$17501), _xlfn.STDEV.P(抽出!C$2:C$17501)) -> 1.0978065 | D17501: 0

Sheet 抽出
A1: loan_amnt | B1: interest_rate | C1: credit_score | D1: loan_status
A2: 1256.7108 | B2: 10.603779 | C2: 680.43177 | D2: 0
A3: 569.55961 | B3: 17.305565 | C3: 713.06313 | D3: 0
A4: 1118.8381 | B4: 14.041342 | C4: 696.13738 | D4: 1
A5: 610.72173 | B5: 13.048348 | C5: 656.37309 | D5: 0
A6: 1180.0268 | B6: 11.384862 | C6: 657.21123 | D6: 0
A7: 1172.2198 | B7: 11.397183 | C7: 712.15734 | D7: 0
A8: 2433.6463 | B8: 10.10181 | C8: 713.20197 | D8: 0
A9: 1021.9603 | B9: 18.093028 | C9: 658.29948 | D9: 0
A10: 1200.7414 | B10: 11.090507 | C10: 771.96409 | D10: 0
A11: 1731.1329 | B11: 17.732408 | C11: 657.73289 | D11: 1
A12: 3517.8144 | B12: 17.674894 | C12: 675.9959 | D12: 0
A13: 1138.6124 | B13: 13.834191 | C13: 658.24115 | D13: 0
... A17501: 1106.9314 | B17501: 7.0976668 | C17501: 716.32238 | D17501: 0

Sheet train
A1: id | B1: loan_amnt | C1: term | D1: interest_rate | E1: grade | F1: employment_length | G1: purpose | H1: credit_score | I1: application_type | J1: loan_status
A2: 0 | B2: 1256.7108 | C2: 5 years | D2: 10.603779 | E2: B1 | F2: 5 years | G2: debt_consolidation | H2: 680.43177 | I2: Individual | J2: 0
A3: 1 | B3: 569.55961 | C3: 3 years | D3: 17.305565 | E3: C5 | F3: 3 years | G3: house | H3: 713.06313 | I3: Individual | J3: 0
A4: 2 | B4: 1118.8381 | C4: 3 years | D4: 14.041342 | E4: C3 | F4: 2 years | G4: debt_consolidation | H4: 696.13738 | I4: Individual | J4: 1
A5: 3 | B5: 610.72173 | C5: 3 years | D5: 13.048348 | E5: C2 | F5: 5 years | G5: medical | H5: 656.37309 | I5: Individual | J5: 0
A6: 4 | B6: 1180.0268 | C6: 3 years | D6: 11.384862 | E6: B3 | F6: 10 years | G6: debt_consolidation | H6: 657.21123 | I6: Individual | J6: 0
A7: 5 | B7: 1172.2198 | C7: 3 years | D7: 11.397183 | E7: B3 | F7: 5 years | G7: debt_consolidation | H7: 712.15734 | I7: Joint App | J7: 0
A8: 6 | B8: 2433.6463 | C8: 3 years | D8: 10.10181 | E8: B3 | F8: 10 years | G8: debt_consolidation | H8: 713.20197 | I8: Individual | J8: 0
A9: 7 | B9: 1021.9603 | C9: 5 years | D9: 18.093028 | E9: D4 | F9: 4 years | G9: debt_consolidation | H9: 658.29948 | I9: Individual | J9: 0
A10: 8 | B10: 1200.7414 | C10: 5 years | D10: 11.090507 | E10: B1 | F10: 7 years | G10: debt_consolidation | H10: 771.96409 | I10: Individual | J10: 0
A11: 9 | B11: 1731.1329 | C11: 5 years | D11: 17.732408 | E11: D3 | F11: 4 years | G11: debt_consolidation | H11: 657.73289 | I11: Individual | J11: 1
A12: 10 | B12: 3517.8144 | C12: 5 years | D12: 17.674894 | E12: D3 | F12: 5 years | G12: debt_consolidation | H12: 675.9959 | I12: Individual | J12: 0
A13: 11 | B13: 1138.6124 | C13: 3 years | D13: 13.834191 | E13: C1 | F13: 10 years | G13: debt_consolidation | H13: 658.24115 | I13: Individual | J13: 0
... A17501: 17499 | B17501: 1106.9314 | C17501: 3 years | D17501: 7.0976668 | E17501: A1 | F17501: 1 year | G17501: credit_card | H17501: 716.32238 | I17501: Individual | J17501: 0
